-- Insertar datos en la tabla 'test'
INSERT INTO public.test (test_id, descripcion, rango_puntuacion, titulo) VALUES
(1, 'El Test de Ansiedad de Zung es una herramienta autoadministrada diseñada para medir el nivel de ansiedad de un individuo. Es fácil de usar y se completa rápidamente.', 20, 'Test de Ansiedad de Zung'),
(2, 'El STAI es un cuestionario que evalúa dos tipos de ansiedad: la ansiedad como un estado (momentánea) y como un rasgo (duradera). Es útil para diferenciar entre estos dos aspectos.', 60, 'Cuestionario de Ansiedad Estado-Rasgo (STAI)'),
(3, 'El BAI es un inventario de 21 preguntas que mide la gravedad de la ansiedad en adultos y adolescentes. Es reconocido por su alta fiabilidad y validez.', 63, 'Inventario de Ansiedad de Beck (BAI)');

-- Insertar datos en la tabla 'nivel_test'
INSERT INTO public.nivel_test (id_nivel, min_puntos, max_puntos, descripcion, test_id, semaforo) VALUES
(1, 0, 44, 'Ansiedad mínima o ausencia de ansiedad', 1, 'Bajo'),
(2, 45, 59, 'Ansiedad leve', 1, 'Medio'),
(3, 60, 74, 'Ansiedad moderada', 1, 'Medio'),
(4, 75, 80, 'Ansiedad severa', 1, 'Alto'),
(5, 0, 44, 'Ansiedad mínima o ausencia de ansiedad', 2, 'Bajo'),
(6, 45, 59, 'Ansiedad leve', 2, 'Medio'),
(7, 60, 74, 'Ansiedad moderada', 2, 'Medio'),
(8, 75, 80, 'Ansiedad severa', 2, 'Alto'),
(9, 0, 7, 'Ansiedad mínima', 3, 'Bajo'),
(10, 8, 15, 'Ansiedad leve', 3, 'Medio'),
(11, 16, 25, 'Ansiedad moderada', 3, 'Medio'),
(12, 26, 63, 'Ansiedad severa', 3, 'Alto');

-- Insertar datos en la tabla 'test_pregunta'
INSERT INTO public.test_pregunta (pregunta_id, test_id, texto_pregunta, orden) VALUES
(1, 1, 'Me siento más nervioso y ansioso de lo normal', 1),
(2, 1, 'Me siento asustado sin ninguna razón', 2),
(3, 1, 'Me asusto fácilmente o me coge el pánico', 3),
(4, 1, 'Me siento destrozado y me parece que estoy por derrumbarme', 4),
(5, 1, 'Me parece que va todo bien y que no me pasará nada malo', 5),
(6, 1, 'Me tiemblan los brazos y las piernas', 6),
(7, 1, 'Me atormentan el dolor de cabeza, del cuello y de la espalda', 7),
(8, 1, 'Me siento débil y me canso fácilmente', 8),
(9, 1, 'Me siento calmo y puedo estar sentado fácilmente', 9),
(10, 1, 'Siento que mi corazón late rápido', 10),
(11, 1, 'Sufro de vértigo', 11),
(12, 1, 'Me parece que estoy por desmayarme', 12),
(13, 1, 'Respiro con dificultad', 13),
(14, 1, 'Tengo sensaciones de entorpecimiento y hormigueo en los dedos de las manos y de los pies', 14),
(15, 1, 'Sufro de dolor de estómago o de indigestión', 15),
(16, 1, 'Necesito orinar a menudo', 16),
(17, 1, 'Mis manos están secas y calientes por lo general', 17),
(18, 1, 'Mi cara se calienta y se pone roja fácilmente', 18),
(19, 1, 'Me duermo fácilmente y me despierto descansado', 19),
(20, 1, 'Tengo pesadillas', 20),
(41, 3, 'Hormigueo o entumecimiento', 1),
(42, 3, 'Sensación de calor', 2),
(43, 3, 'Temblor en las manos', 3),
(44, 3, 'Desrealización (sensaciones de irrealidad) o despersonalización (separarse de uno mismo)', 4),
(45, 3, 'Miedo a perder el control o volverse loco', 5),
(46, 3, 'Palpitaciones del corazón, taquicardia', 6),
(47, 3, 'Sensación de asfixia', 7),
(48, 3, 'Miedo a morir', 8),
(49, 3, 'Asustado', 9),
(50, 3, 'Indigestión o malestar en el estómago', 10),
(51, 3, 'Incapacidad para relajarse', 11),
(52, 3, 'Sensación de ahogo', 12),
(53, 3, 'Palmas de las manos sudorosas', 13),
(54, 3, 'Sensación de desmayo', 14),
(55, 3, 'Boca seca', 15),
(56, 3, 'Ruborización o piel fría', 16),
(57, 3, 'Dolor o malestar en el pecho', 17),
(58, 3, 'Temblores en el cuerpo', 18),
(59, 3, 'Miedo a lo peor que pueda pasar', 19),
(61, 3, 'Nerviosismo', 21),
(21, 2, 'Me siento calmado', 1),
(22, 2, 'Me siento seguro', 2),
(23, 2, 'Estoy tenso', 3),
(24, 2, 'Estoy contrariado', 4),
(25, 2, 'Me siento cómodo (estoy a gusto)', 5),
(26, 2, 'Me siento alterado', 6),
(27, 2, 'Estoy preocupado ahora por posibles desgracias futuras', 7),
(28, 2, 'Me siento descansado', 8),
(29, 2, 'Me siento angustiado', 9),
(30, 2, 'Me siento confortable', 10),
(31, 2, 'Tengo confianza en mí mismo', 11),
(32, 2, 'Me siento nervioso', 12),
(33, 2, 'Estoy desasosegado', 13),
(34, 2, 'Me siento muy «atado» (como oprimido)', 14),
(35, 2, 'Estoy relajado', 15),
(36, 2, 'Me siento satisfecho', 16),
(37, 2, 'Estoy preocupado', 17),
(40, 2, 'En este momento me siento bien', 20),
(60, 3, 'Mareos o desmayos', 20),
(39, 2, 'Me siento alegre', 19),
(38, 2, 'Me siento aturdido y sobreexcitado', 18);


-- Insertar datos en la tabla 'alternativa'
INSERT INTO public.test_alternativa (alternativa_id, pregunta_id, alternativa, puntaje) VALUES
(1, 1, 'Casi nunca', 1),
(2, 1, 'Alguna vez', 2),
(3, 1, 'A menudo', 3),
(4, 1, 'Muy a menudo', 4),
(5, 2, 'Casi nunca', 1),
(6, 2, 'Alguna vez', 2),
(7, 2, 'A menudo', 3),
(8, 2, 'Muy a menudo', 4),
(9, 3, 'Casi nunca', 1),
(10, 3, 'Alguna vez', 2),
(11, 3, 'A menudo', 3),
(12, 3, 'Muy a menudo', 4),
(13, 4, 'Casi nunca', 1),
(14, 4, 'Alguna vez', 2),
(15, 4, 'A menudo', 3),
(16, 4, 'Muy a menudo', 4),
(21, 6, 'Casi nunca', 1),
(22, 6, 'Alguna vez', 2),
(23, 6, 'A menudo', 3),
(24, 6, 'Muy a menudo', 4),
(25, 7, 'Casi nunca', 1),
(26, 7, 'Alguna vez', 2),
(27, 7, 'A menudo', 3),
(28, 7, 'Muy a menudo', 4),
(29, 8, 'Casi nunca', 1),
(30, 8, 'Alguna vez', 2),
(31, 8, 'A menudo', 3),
(32, 8, 'Muy a menudo', 4),
(37, 10, 'Casi nunca', 1),
(38, 10, 'Alguna vez', 2),
(39, 10, 'A menudo', 3),
(40, 10, 'Muy a menudo', 4),
(41, 11, 'Casi nunca', 1),
(42, 11, 'Alguna vez', 2),
(43, 11, 'A menudo', 3),
(44, 11, 'Muy a menudo', 4),
(45, 12, 'Casi nunca', 1),
(46, 12, 'Alguna vez', 2),
(47, 12, 'A menudo', 3),
(48, 12, 'Muy a menudo', 4),
(49, 13, 'Casi nunca', 1),
(50, 13, 'Alguna vez', 2),
(51, 13, 'A menudo', 3),
(52, 13, 'Muy a menudo', 4),
(53, 14, 'Casi nunca', 1),
(54, 14, 'Alguna vez', 2),
(55, 14, 'A menudo', 3),
(56, 14, 'Muy a menudo', 4),
(57, 15, 'Casi nunca', 1),
(58, 15, 'Alguna vez', 2),
(59, 15, 'A menudo', 3),
(60, 15, 'Muy a menudo', 4),
(65, 17, 'Casi nunca', 1),
(66, 17, 'Alguna vez', 2),
(67, 17, 'A menudo', 3),
(68, 17, 'Muy a menudo', 4),
(73, 19, 'Casi nunca', 1),
(74, 19, 'Alguna vez', 2),
(75, 19, 'A menudo', 3),
(76, 19, 'Muy a menudo', 4),
(77, 20, 'Casi nunca', 1),
(78, 20, 'Alguna vez', 2),
(79, 20, 'A menudo', 3),
(80, 20, 'Muy a menudo', 4),
(81, 21, 'Nada', 0),
(82, 21, 'Algo', 1),
(83, 21, 'Bastante', 2),
(84, 21, 'Mucho', 3),
(85, 22, 'Nada', 0),
(86, 22, 'Algo', 1),
(87, 22, 'Bastante', 2),
(88, 22, 'Mucho', 3),
(89, 23, 'Nada', 0),
(90, 23, 'Algo', 1),
(91, 23, 'Bastante', 2),
(92, 23, 'Mucho', 3),
(93, 24, 'Nada', 0),
(94, 24, 'Algo', 1),
(95, 24, 'Bastante', 2),
(96, 24, 'Mucho', 3),
(97, 25, 'Nada', 0),
(98, 25, 'Algo', 1),
(99, 25, 'Bastante', 2),
(100, 25, 'Mucho', 3),
(101, 26, 'Nada', 0),
(102, 26, 'Algo', 1),
(103, 26, 'Bastante', 2),
(104, 26, 'Mucho', 3),
(105, 27, 'Nada', 0),
(106, 27, 'Algo', 1),
(107, 27, 'Bastante', 2),
(108, 27, 'Mucho', 3),
(109, 28, 'Nada', 0),
(110, 28, 'Algo', 1),
(111, 28, 'Bastante', 2),
(112, 28, 'Mucho', 3),
(113, 29, 'Nada', 0),
(114, 29, 'Algo', 1),
(115, 29, 'Bastante', 2),
(116, 29, 'Mucho', 3),
(117, 30, 'Nada', 0),
(118, 30, 'Algo', 1),
(119, 30, 'Bastante', 2),
(120, 30, 'Mucho', 3),
(121, 31, 'Nada', 0),
(122, 31, 'Algo', 1),
(123, 31, 'Bastante', 2),
(124, 31, 'Mucho', 3),
(125, 32, 'Nada', 0),
(126, 32, 'Algo', 1),
(127, 32, 'Bastante', 2),
(128, 32, 'Mucho', 3),
(129, 33, 'Nada', 0),
(130, 33, 'Algo', 1),
(131, 33, 'Bastante', 2),
(132, 33, 'Mucho', 3),
(133, 34, 'Nada', 0),
(134, 34, 'Algo', 1),
(135, 34, 'Bastante', 2),
(136, 34, 'Mucho', 3),
(137, 35, 'Nada', 0),
(138, 35, 'Algo', 1),
(139, 35, 'Bastante', 2),
(140, 35, 'Mucho', 3),
(141, 36, 'Nada', 0),
(142, 36, 'Algo', 1),
(143, 36, 'Bastante', 2),
(144, 36, 'Mucho', 3),
(145, 37, 'Nada', 0),
(146, 37, 'Algo', 1),
(147, 37, 'Bastante', 2),
(148, 37, 'Mucho', 3),
(149, 38, 'Nada', 0),
(17, 5, 'Casi nunca', 1),
(18, 5, 'Alguna vez', 2),
(19, 5, 'A menudo', 3),
(20, 5, 'Muy a menudo', 4),
(150, 38, 'Algo', 1),
(151, 38, 'Bastante', 2),
(152, 38, 'Mucho', 3),
(153, 39, 'Nada', 0),
(154, 39, 'Algo', 1),
(155, 39, 'Bastante', 2),
(156, 39, 'Mucho', 3),
(157, 40, 'Nada', 0),
(158, 40, 'Algo', 1),
(159, 40, 'Bastante', 2),
(160, 40, 'Mucho', 3),
(161, 41, 'Nada', 0),
(162, 41, 'Algo', 1),
(163, 41, 'Bastante', 2),
(164, 41, 'Mucho', 3),
(165, 42, 'Nada', 0),
(166, 42, 'Algo', 1),
(167, 42, 'Bastante', 2),
(168, 42, 'Mucho', 3),
(169, 43, 'Nada', 0),
(170, 43, 'Algo', 1),
(171, 43, 'Bastante', 2),
(172, 43, 'Mucho', 3),
(173, 44, 'Nada', 0),
(174, 44, 'Algo', 1),
(175, 44, 'Bastante', 2),
(176, 44, 'Mucho', 3),
(177, 45, 'Nada', 0),
(178, 45, 'Algo', 1),
(179, 45, 'Bastante', 2),
(180, 45, 'Mucho', 3),
(181, 46, 'Nada', 0),
(182, 46, 'Algo', 1),
(183, 46, 'Bastante', 2),
(184, 46, 'Mucho', 3),
(185, 47, 'Nada', 0),
(186, 47, 'Algo', 1),
(187, 47, 'Bastante', 2),
(188, 47, 'Mucho', 3),
(189, 48, 'Nada', 0),
(190, 48, 'Algo', 1),
(191, 48, 'Bastante', 2),
(192, 48, 'Mucho', 3),
(193, 49, 'Nada', 0),
(194, 49, 'Algo', 1),
(195, 49, 'Bastante', 2),
(196, 49, 'Mucho', 3),
(197, 50, 'Nada', 0),
(198, 50, 'Algo', 1),
(199, 50, 'Bastante', 2),
(200, 50, 'Mucho', 3),
(201, 51, 'Nada', 0),
(202, 51, 'Algo', 1),
(203, 51, 'Bastante', 2),
(204, 51, 'Mucho', 3),
(205, 52, 'Nada', 0),
(206, 52, 'Algo', 1),
(207, 52, 'Bastante', 2),
(208, 52, 'Mucho', 3),
(209, 53, 'Nada', 0),
(210, 53, 'Algo', 1),
(211, 53, 'Bastante', 2),
(212, 53, 'Mucho', 3),
(213, 54, 'Nada', 0),
(214, 54, 'Algo', 1),
(215, 54, 'Bastante', 2),
(216, 54, 'Mucho', 3),
(217, 55, 'Nada', 0),
(218, 55, 'Algo', 1),
(219, 55, 'Bastante', 2),
(220, 55, 'Mucho', 3),
(221, 56, 'Nada', 0),
(222, 56, 'Algo', 1),
(223, 56, 'Bastante', 2),
(224, 56, 'Mucho', 3),
(225, 57, 'Nada', 0),
(226, 57, 'Algo', 1),
(227, 57, 'Bastante', 2),
(228, 57, 'Mucho', 3),
(229, 58, 'Nada', 0),
(230, 58, 'Algo', 1),
(231, 58, 'Bastante', 2),
(232, 58, 'Mucho', 3),
(233, 59, 'Nada', 0),
(234, 59, 'Algo', 1),
(235, 59, 'Bastante', 2),
(236, 59, 'Mucho', 3),
(237, 60, 'Nada', 0),
(238, 60, 'Algo', 1),
(239, 60, 'Bastante', 2),
(240, 60, 'Mucho', 3),
(241, 61, 'Nada', 0),
(242, 61, 'Algo', 1),
(243, 61, 'Bastante', 2),
(244, 61, 'Mucho', 3),
(33, 9, 'Casi nunca', 1),
(34, 9, 'Alguna vez', 2),
(35, 9, 'A menudo', 3),
(36, 9, 'Muy a menudo', 4),
(61, 16, 'Casi nunca', 1),
(62, 16, 'Alguna vez', 2),
(63, 16, 'A menudo', 3),
(64, 16, 'Muy a menudo', 4),
(69, 18, 'Casi nunca', 1),
(70, 18, 'Alguna vez', 2),
(71, 18, 'A menudo', 3),
(72, 18, 'Muy a menudo', 4);
